keyword,search_volume,keyword_difficulty,main_intent,competition_level,competition_index,competition,cpc,source
2 piece pyramid puzzle 3d print,,,transactional,,,,,labs_keyword_suggestions
3d ao oni,20,,informational,LOW,,0,,labs_keyword_ideas
3d da polisher,40,0,transactional,HIGH,,1,0.43,labs_keyword_ideas
3d darts famobi,10,,informational,,,,,labs_keyword_ideas
3d print impossible pyramid,10,0,informational,,,,,labs_keyword_suggestions
3d print painters pyramid,10,,transactional,LOW,,0.06,,labs_keyword_suggestions
3d print pyramid,390,0,transactional,HIGH,,0.76,0.27,labs_keyword_suggestions
3d print pyramid fidget,170,0,transactional,HIGH,,1,0.42,labs_keyword_suggestions
3d print pyramid giza,,,transactional,,,,,labs_keyword_suggestions
3d print pyramid head,,0,transactional,,,,,labs_keyword_suggestions
3d printable pyramid,390,,,,76,HIGH,0.27,google_ads_search_volume
3d printable pyramid,390,0,transactional,HIGH,,0.76,0.27,labs_keyword_overview
3d printable pyramid model,,,,,,,,google_ads_search_volume
3d sierpinski gasket,10,,transactional,LOW,,0,,labs_keyword_ideas
3d stampac polovan,10,,transactional,,,,,labs_keyword_ideas
acheron build kqm,10,,informational,LOW,,0,,labs_keyword_ideas
ad senna build,30,0,transactional,LOW,,0,,labs_keyword_ideas
adorini pyramid,10,,informational,,,,,labs_keyword_ideas
agurin kha zix build,10,,informational,LOW,,0,,labs_keyword_ideas
akobida granger build,10,,transactional,,,,,labs_keyword_ideas
alta design build,20,4,transactional,LOW,,0.1,39.67,labs_keyword_ideas
amara build,390,0,transactional,LOW,,0,,labs_keyword_ideas
amati titanic build,10,,transactional,,,,,labs_keyword_ideas
amazon ubongo 3d,10,,transactional,HIGH,,0.71,,labs_keyword_ideas
ambessa baus build,10,7,informational,,,,,labs_keyword_ideas
ancient egypt pyramid construction,140,49,informational,LOW,,0,,labs_keyword_suggestions
ancient egyptian pyramid construction,20,,informational,LOW,,0,,labs_keyword_suggestions
ancient egyptian pyramid construction methods,30,23,informational,LOW,,0,,labs_keyword_suggestions
ancient egyptian pyramid construction techniques,20,,informational,,,,,labs_keyword_suggestions
ancient egyptian water technology pyramid construction,210,4,informational,,,,,labs_keyword_suggestions
ancient pyramid construction,20,,informational,LOW,,0,,labs_keyword_suggestions
angara exemplar build,10,,transactional,,,,,labs_keyword_ideas
annihilape build tera,10,0,transactional,,,,,labs_keyword_ideas
anton build zzz,90,0,transactional,LOW,,0,,labs_keyword_ideas
arquitor bombard size,10,,transactional,LOW,,0,,labs_keyword_ideas
artio build arena,10,19,navigational,LOW,,0,,labs_keyword_ideas
arum build aov,10,,navigational,,,,,labs_keyword_ideas
asaba zzz build,10,0,transactional,LOW,,0,,labs_keyword_ideas
asiga max uv 3d printer,10,,transactional,MEDIUM,,0.43,,labs_keyword_ideas
asta build for kafka,10,,informational,,,,,labs_keyword_ideas
astel leda 3d,10,,informational,LOW,,0,,labs_keyword_ideas
astra yao build,1600,0,transactional,LOW,,0,,labs_keyword_ideas
ati 3d rage,30,0,transactional,LOW,,0.15,,labs_keyword_ideas
ati 3d rage pro,20,23,transactional,LOW,,0.32,0.03,labs_keyword_ideas
avon 3d sport,10,,transactional,HIGH,,1,,labs_keyword_ideas
avora london model,10,,navigational,,,,,labs_keyword_ideas
azito 3d,20,,transactional,LOW,,0,,labs_keyword_ideas
azza cube build,10,,transactional,LOW,,0,,labs_keyword_ideas
azza pyramid case build,10,,transactional,LOW,,0,,labs_keyword_ideas
azza pyramid chassis,10,,transactional,,,,,labs_keyword_ideas
balatro build,30,0,transactional,LOW,,0,,labs_keyword_ideas
balatro build maker,10,,transactional,LOW,,0,,labs_keyword_ideas
balatro op build,10,,transactional,LOW,,0,,labs_keyword_ideas
baratza encore esp 3d print,10,,transactional,LOW,,0,,labs_keyword_ideas
barroz 3d,140,4,informational,LOW,,0,,labs_keyword_ideas
baus ambessa build,10,7,transactional,LOW,,0,,labs_keyword_ideas
baus ap galio build,10,,transactional,,,,,labs_keyword_ideas
baus vi build,110,7,transactional,LOW,,0,,labs_keyword_ideas
baus vi top build,20,8,transactional,LOW,,0,,labs_keyword_ideas
bausffs ambessa build,10,,navigational,,,,,labs_keyword_ideas
bausffs vi build,20,3,transactional,LOW,,0,,labs_keyword_ideas
brand build aram caos,10,,transactional,LOW,,0,,labs_keyword_ideas
brasier 3d leonisa,10,,transactional,,,,,labs_keyword_ideas
brezza 3d mats,10,,transactional,LOW,,0.12,,labs_keyword_ideas
build la build,10,6,informational,LOW,,0,,labs_keyword_ideas
build poco,10,0,informational,LOW,,0,,labs_keyword_ideas
carom elite 3d,10,,transactional,LOW,,0,,labs_keyword_ideas
chiori build kqm,10,,transactional,,,,,labs_keyword_ideas
cifi borge build,70,0,informational,LOW,,0,,labs_keyword_ideas
clay pyramid 3d print,,,transactional,,,,,labs_keyword_suggestions
cleopatra rok build,10,,transactional,,,,,labs_keyword_ideas
coba pyramid height,10,37,informational,LOW,,0,,labs_keyword_ideas
construction material pyramid,10,,navigational,LOW,,0.02,,labs_keyword_suggestions
construction materials pyramid,10,,navigational,LOW,,0.02,,labs_keyword_suggestions
construction of the great pyramid,320,39,informational,LOW,,0.01,,labs_keyword_suggestions
construction of the great pyramid,320,39,informational,LOW,,0.01,,labs_keyword_suggestions
construction of the great pyramid of giza,320,33,informational,LOW,,0.01,0.02,labs_keyword_suggestions
construction of the great pyramid of giza,320,33,informational,LOW,,0.01,0.02,labs_keyword_suggestions
construction of the pyramid of giza in egypt,10,,informational,,,,,labs_keyword_suggestions
construction pyramid,1900,12,informational,LOW,,0.01,,labs_keyword_suggestions
corkscrew ramp pyramid,,,transactional,,,,,labs_keyword_suggestions
cozzia zen 3d,10,,transactional,HIGH,,0.71,,labs_keyword_ideas
dalgona candy 3d,10,,transactional,,,,,labs_keyword_ideas
diep io landmine build,10,,transactional,LOW,,0,,labs_keyword_ideas
diep io triangle build,10,,transactional,LOW,,0,,labs_keyword_ideas
djoser step pyramid construction techniques,10,22,informational,LOW,,0,,labs_keyword_suggestions
dr mundo ad build,10,,navigational,,,,,labs_keyword_ideas
dvarw rta build,20,,informational,LOW,,0,,labs_keyword_ideas
egypt pyramid construction,1900,49,informational,LOW,,0.01,,labs_keyword_suggestions
egypt's oldest papyri detail great pyramid construction,,,commercial,,,,,labs_keyword_suggestions
egyptian pyramid construction,2400,37,informational,LOW,,0.06,0.13,labs_keyword_suggestions
egyptian pyramid construction techniques,50,36,informational,LOW,,0.01,,labs_keyword_suggestions
egyptian pyramid construction theories,20,19,informational,LOW,,0,,labs_keyword_suggestions
egyptian pyramid construction theory,,,,,,,,google_ads_search_volume
egyptian pyramid ramp theory,,,informational,,,,,labs_keyword_suggestions
egyptology pyramid construction,1900,15,informational,LOW,,0.01,2.47,labs_keyword_suggestions
eizo 3d lut,10,,transactional,,,,,labs_keyword_ideas
el cid build,10,,informational,LOW,,0,,labs_keyword_ideas
el cid rok build,10,,informational,,,,,labs_keyword_ideas
emilie build kqm,10,,informational,LOW,,0,,labs_keyword_ideas
eso domihaus build,10,,transactional,,,,,labs_keyword_ideas
eviterno build,10,,transactional,LOW,,0,,labs_keyword_ideas
ex diris build,10,0,transactional,LOW,,0,,labs_keyword_ideas
external ramp theory great pyramid,10,48,informational,LOW,,0,,labs_keyword_suggestions
factorio city block nilaus,10,,navigational,LOW,,0,,labs_keyword_ideas
factorio pyanodon reddit,10,,informational,LOW,,0,,labs_keyword_ideas
fidget pyramid 3d print,20,0,transactional,HIGH,,0.71,0.05,labs_keyword_suggestions
flins build kqm,30,13,transactional,LOW,,0,,labs_keyword_ideas
fortnite pyramid ramp,10,,informational,,,,,labs_keyword_suggestions
fortnite pyramid ramp glitch,,,informational,,,,,labs_keyword_suggestions
fortnite pyramid ramp rush,0,,informational,,,,,labs_keyword_suggestions
fortnite pyramid ramp vs ramp,,,informational,,,,,labs_keyword_suggestions
fos sunway pyramid,10,,informational,,,,,labs_keyword_ideas
fractal pyramid 3d print,30,0,transactional,MEDIUM,,0.42,0.02,labs_keyword_suggestions
galbrena build wuwa,210,0,transactional,LOW,,0,,labs_keyword_ideas
gaudi 3d,10,,informational,LOW,,0,,labs_keyword_ideas
generali tower model,,,informational,,,,,labs_keyword_ideas
giza construction model,,,,,,,,google_ads_search_volume
giza pyramid 3d model,10,,,,0,LOW,,google_ads_search_volume
giza pyramid 3d model,10,0,informational,LOW,,0.21,,labs_keyword_overview
giza pyramid construction,70,,,,0,LOW,,google_ads_search_volume
giza pyramid construction,70,34,informational,LOW,,0,,labs_keyword_overview
giza pyramid construction,70,34,informational,LOW,,0,,labs_keyword_suggestions
giza pyramid construction theory,,,,,,,,google_ads_search_volume
giza pyramid model,90,,,,64,MEDIUM,0.37,google_ads_search_volume
giza pyramid model,90,9,informational,MEDIUM,,0.46,0.27,labs_keyword_overview
giza pyramid stl,,,,,,,,google_ads_search_volume
golf ball pyramid tray 3d print,,,transactional,,,,,labs_keyword_suggestions
gpo goro pole build,10,,transactional,,,,,labs_keyword_ideas
great pyramid 3d model,40,,,,0,LOW,,google_ads_search_volume
great pyramid 3d model,40,1,informational,LOW,,0,,labs_keyword_overview
great pyramid building theory,,,,,,,,google_ads_search_volume
great pyramid chambers model,,,,,,,,google_ads_search_volume
great pyramid construction,320,,,,1,LOW,,google_ads_search_volume
great pyramid construction,320,49,informational,LOW,,0.01,,labs_keyword_overview
great pyramid construction,320,49,informational,LOW,,0.01,,labs_keyword_suggestions
great pyramid construction,320,49,informational,LOW,,0.01,,labs_keyword_suggestions
great pyramid construction animation,,,,,,,,google_ads_search_volume
great pyramid construction date,20,27,informational,LOW,,0,,labs_keyword_suggestions
great pyramid construction date,20,27,informational,LOW,,0,,labs_keyword_suggestions
great pyramid construction methods,,,,,,,,google_ads_search_volume
great pyramid construction theories,10,20,informational,,,,,labs_keyword_suggestions
great pyramid construction theories,10,20,informational,,,,,labs_keyword_suggestions
great pyramid construction theory,260,,,,4,LOW,,google_ads_search_volume
great pyramid construction theory,260,20,informational,LOW,,0,,labs_keyword_overview
great pyramid construction theory,260,20,informational,LOW,,0,,labs_keyword_suggestions
great pyramid construction theory,260,20,informational,LOW,,0,,labs_keyword_suggestions
great pyramid construction youtube,,,navigational,,,,,labs_keyword_suggestions
great pyramid interior ramp,,,transactional,,,,,labs_keyword_suggestions
great pyramid internal chambers,,,,,,,,google_ads_search_volume
great pyramid internal ramp,10,10,transactional,LOW,,0,,labs_keyword_suggestions
great pyramid internal ramp theory,10,,,,0,LOW,,google_ads_search_volume
great pyramid internal ramp theory,10,,informational,LOW,,0,,labs_keyword_overview
great pyramid internal ramp theory,10,,informational,LOW,,0,,labs_keyword_suggestions
great pyramid model,90,,,,64,MEDIUM,0.37,google_ads_search_volume
great pyramid model,90,6,informational,MEDIUM,,0.46,0.27,labs_keyword_overview
great pyramid of giza 3d print,,,transactional,,,,,labs_keyword_suggestions
great pyramid of giza construction,320,31,informational,LOW,,0.01,0.02,labs_keyword_suggestions
great pyramid of giza construction,320,31,informational,LOW,,0.01,0.02,labs_keyword_suggestions
great pyramid of giza construction date,50,18,informational,LOW,,0,,labs_keyword_suggestions
great pyramid of giza construction date,50,18,informational,LOW,,0,,labs_keyword_suggestions
great pyramid of giza construction time,10,,informational,LOW,,0,,labs_keyword_suggestions
great pyramid ramp,,,informational,,,,,labs_keyword_suggestions
great pyramid ramp theory,,,,,,,,google_ads_search_volume
great pyramid stl,,,,,,,,google_ads_search_volume
haraju cube sunway pyramid,10,,informational,,,,,labs_keyword_ideas
helical ramp pyramid theory,170,6,informational,LOW,,0,,labs_keyword_suggestions
hexanaut io 3d,20,,transactional,LOW,,0.02,,labs_keyword_ideas
hieroglyphics pyramid construction,10,43,informational,LOW,,0,,labs_keyword_suggestions
how did ancient egyptians build pyramids,3600,,,,3,LOW,0.82,google_ads_search_volume
how did they build the pyramids,3600,,,,2,LOW,0.08,google_ads_search_volume
how did they build the pyramids,3600,33,informational,LOW,,0.01,0.05,labs_keyword_overview
how to build a pyramid ramp,10,,informational,LOW,,0,,labs_keyword_suggestions
how to build a pyramid skate ramp,,,informational,,,,,labs_keyword_suggestions
how to build pyramid ramp fortnite,,,informational,,,,,labs_keyword_suggestions
how to build ramp with pyramid fortnite,,,informational,,,,,labs_keyword_suggestions
how was the great pyramid built,590,,,,6,LOW,0.17,google_ads_search_volume
how was the great pyramid built,590,29,informational,LOW,,0.06,0.17,labs_keyword_overview
how were egyptian pyramids built,18100,,,,2,LOW,0.43,google_ads_search_volume
how were the giza pyramids built,18100,,,,2,LOW,0.43,google_ads_search_volume
how were the pyramids built,18100,,,,2,LOW,0.43,google_ads_search_volume
how were the pyramids built,18100,25,informational,LOW,,0.02,0.43,labs_keyword_overview
huni choi pyramid,20,,,,0,LOW,,google_ads_search_volume
huni choi pyramid,20,,informational,LOW,,0,,labs_keyword_overview
huni choi pyramid theory,10,,,,0,LOW,,google_ads_search_volume
huni choi pyramid theory,10,,informational,LOW,,0,,labs_keyword_overview
icarus pyramid construction,30,0,informational,LOW,,0,,labs_keyword_suggestions
icarus pyramid construction bug,10,,informational,LOW,,0,,labs_keyword_suggestions
icarus pyramid construction location,10,,navigational,LOW,,0,,labs_keyword_suggestions
icarus pyramid: construction,20,0,informational,LOW,,0,,labs_keyword_suggestions
impossible pyramid 3d print,40,0,informational,MEDIUM,,0.39,,labs_keyword_suggestions
impossible pyramid 3d print file,10,,informational,LOW,,0,,labs_keyword_suggestions
impossible pyramid passthrough 3d print,10,,informational,LOW,,0,,labs_keyword_suggestions
internal ramp in great pyramid,,10,informational,,,,,labs_keyword_suggestions
internal ramp pyramid,30,14,transactional,LOW,,0,,labs_keyword_suggestions
internal ramp pyramid theory,,20,informational,,,,,labs_keyword_suggestions
internal ramp theory great pyramid,10,,informational,LOW,,0,,labs_keyword_suggestions
janus panachrome 3d,,,transactional,,,,,labs_keyword_ideas
katarina ap build,50,15,transactional,LOW,,0,,labs_keyword_ideas
katarina build 2019,10,,transactional,,,,,labs_keyword_ideas
katarina build 2021,10,,transactional,,,,,labs_keyword_ideas
keralis lets build,10,,navigational,LOW,,0,,labs_keyword_ideas
kfry sunway pyramid,10,,transactional,LOW,,0,,labs_keyword_ideas
khufu pyramid internal ramp,10,50,informational,LOW,,0,,labs_keyword_suggestions
klasky csupo 3d,50,0,informational,LOW,,0,,labs_keyword_ideas
krokotak 3d watermelon,10,,transactional,,,,,labs_keyword_ideas
kryptonics micro pyramid ramp,10,16,transactional,HIGH,,1,0.06,labs_keyword_suggestions
kryptonics micro pyramid skating ramp,20,0,transactional,LOW,,0.05,,labs_keyword_suggestions
kryptonics pyramid ramp,10,,transactional,,,,,labs_keyword_suggestions
la 360 build,10,,transactional,,,,,labs_keyword_ideas
la colors dramatilash 3d wispy,30,0,informational,HIGH,,0.96,0.04,labs_keyword_ideas
lace 3d jakel,10,,transactional,,,,,labs_keyword_ideas
landwave pyramid ramp,10,,transactional,,,,,labs_keyword_suggestions
lapa build codm,10,,informational,,,,,labs_keyword_ideas
lapa build warzone,10,22,commercial,,,,,labs_keyword_ideas
leki griffin thermo 3d,10,,transactional,MEDIUM,,0.34,,labs_keyword_ideas
leki stormlite 3d,10,,transactional,,,,,labs_keyword_ideas
leoni 3d,10,,informational,,,,,labs_keyword_ideas
liantao 3d printer,10,,transactional,,,,,labs_keyword_ideas
louvre pyramid construction,20,57,informational,LOW,,0,,labs_keyword_suggestions
louvre pyramid construction details,10,38,informational,LOW,,0.03,,labs_keyword_suggestions
louvre pyramid construction materials,10,,informational,,,,,labs_keyword_suggestions
lukas build mlbb,10,,informational,LOW,,0,,labs_keyword_ideas
luminaria 3d lua,10,,transactional,,,,,labs_keyword_ideas
lupa echo build wuwa,10,,transactional,,,,,labs_keyword_ideas
lyney build kqm,10,,navigational,LOW,,0,,labs_keyword_ideas
ma peterson design build,210,8,transactional,LOW,,0.06,46.59,labs_keyword_ideas
mac sunway pyramid,10,,transactional,,,,,labs_keyword_ideas
magnamalo build,10,,transactional,LOW,,0,,labs_keyword_ideas
mahoraga build deepwoken,10,0,transactional,LOW,,0,,labs_keyword_ideas
man ramp pyramid country,,,informational,,,,,labs_keyword_suggestions
manu 3d pollex,10,,transactional,LOW,,0,,labs_keyword_ideas
marazzi mikado 3d,10,,transactional,,,,,labs_keyword_ideas
mas build,10,0,informational,LOW,,0.04,,labs_keyword_ideas
mel build aram caos,10,,transactional,LOW,,0,,labs_keyword_ideas
memphis pyramid construction,20,1,informational,LOW,,0.01,,labs_keyword_suggestions
mickey 3d sebolavy,10,,transactional,,,,,labs_keyword_ideas
micro pyramid ramp,10,,transactional,,,,,labs_keyword_suggestions
micro pyramid skating ramp skateboarding sports outdoor new,0,,commercial,,,,,labs_keyword_suggestions
miele hyclean gn 3d,20,,transactional,HIGH,,1,0.68,labs_keyword_ideas
milana 3d trener,10,,transactional,,,,,labs_keyword_ideas
mine block io,20,,navigational,LOW,,0,,labs_keyword_ideas
mo co build dojo,10,,transactional,,,,,labs_keyword_ideas
moze op build,10,,informational,,,,,labs_keyword_ideas
msi mag bunker build,10,,transactional,,,,,labs_keyword_ideas
musa sirenix 3d,10,,informational,LOW,,0,,labs_keyword_ideas
naafiri mid lane build,10,,transactional,LOW,,0,,labs_keyword_ideas
nargacuga 3d print,10,,transactional,LOW,,0,,labs_keyword_ideas
nataruk build overframe,10,,transactional,LOW,,0,,labs_keyword_ideas
new pyramid construction theory,20,,informational,LOW,,0,,labs_keyword_suggestions
new theory on pyramid construction,20,,informational,LOW,,0.04,0.03,labs_keyword_suggestions
nia pyramid,10,,informational,LOW,,0,,labs_keyword_ideas
nio oligo 3d,10,,transactional,MEDIUM,,0.49,,labs_keyword_ideas
nobula 3d,10,,informational,LOW,,0,,labs_keyword_ideas
nosferatu 3d print,10,,transactional,MEDIUM,,0.41,0.01,labs_keyword_ideas
novak piranha 3d,20,4,informational,LOW,,0,,labs_keyword_ideas
novint falcon 3d,10,,transactional,,,,,labs_keyword_ideas
nylofor 3d super,10,,transactional,,,,,labs_keyword_ideas
orna majistrate build,10,,transactional,LOW,,0,,labs_keyword_ideas
osaki os 3d otamic le,90,0,transactional,HIGH,,1,6.13,labs_keyword_ideas
outerplane demiurge vlada build,10,,transactional,,,,,labs_keyword_ideas
pajaro 3d,10,,informational,LOW,,0,,labs_keyword_ideas
pass through pyramid 3d print,10,,transactional,,,,,labs_keyword_suggestions
passthrough pyramid 3d print,10,,commercial,LOW,,0,,labs_keyword_suggestions
pele build arena,10,0,informational,,,,,labs_keyword_ideas
peopoly moai sla 3d printer,10,,transactional,,,,,labs_keyword_ideas
phaseslam amara build,10,0,transactional,LOW,,0,,labs_keyword_ideas
poco build,260,0,informational,LOW,,0.04,0.71,labs_keyword_ideas
pokopia pagoda build,10,,transactional,LOW,,0,,labs_keyword_ideas
porta ladonna build,10,,transactional,LOW,,0,,labs_keyword_ideas
project zorgo black pyramid,10,3,informational,LOW,,0,,labs_keyword_ideas
prusa i3 stl,10,,transactional,LOW,,0,,labs_keyword_ideas
pse dominator 3d,10,0,transactional,HIGH,,0.7,0.08,labs_keyword_ideas
pulte rockwall model,10,,transactional,,,,,labs_keyword_ideas
pyramid 3d print,390,,,,76,HIGH,0.27,google_ads_search_volume
pyramid 3d print,390,0,transactional,MEDIUM,,0.61,0.26,labs_keyword_overview
pyramid 3d print,390,0,transactional,MEDIUM,,0.61,0.26,labs_keyword_suggestions
pyramid building theory,720,,,,1,LOW,0.02,google_ads_search_volume
pyramid construction,1900,23,informational,LOW,,0.01,,labs_keyword_suggestions
pyramid construction and aggregates inc,110,0,navigational,LOW,,0.01,,labs_keyword_suggestions
pyramid construction animation,10,,,,,,,google_ads_search_volume
pyramid construction blueprints,10,,informational,,,,,labs_keyword_suggestions
pyramid construction chicago,10,,commercial,,,,,labs_keyword_suggestions
pyramid construction cleveland tn,10,0,commercial,LOW,,0.16,,labs_keyword_suggestions
pyramid construction co,170,0,navigational,LOW,,0.13,10.96,labs_keyword_suggestions
pyramid construction colorado springs,30,0,commercial,LOW,,0.21,,labs_keyword_suggestions
pyramid construction columbia sc,10,,commercial,LOW,,0.11,,labs_keyword_suggestions
pyramid construction company,170,3,commercial,LOW,,0.13,10.96,labs_keyword_suggestions
pyramid construction date,90,26,informational,LOW,,0,,labs_keyword_suggestions
pyramid construction egypt,2400,58,informational,LOW,,0.06,0.13,labs_keyword_suggestions
pyramid construction el centro,10,,navigational,LOW,,0,,labs_keyword_suggestions
pyramid construction group,30,0,navigational,LOW,,0.19,,labs_keyword_suggestions
pyramid construction group llc,10,0,navigational,LOW,,0.11,,labs_keyword_suggestions
pyramid construction houston,10,,commercial,LOW,,0,,labs_keyword_suggestions
pyramid construction in ancient egypt,140,34,informational,LOW,,0,,labs_keyword_suggestions
pyramid construction inc,170,0,navigational,LOW,,0.13,10.96,labs_keyword_suggestions
pyramid construction inc colorado springs,10,,navigational,LOW,,0,,labs_keyword_suggestions
pyramid construction inc colorado springs co,10,,navigational,LOW,,0,,labs_keyword_suggestions
pyramid construction jobs,10,0,informational,LOW,,0.04,,labs_keyword_suggestions
pyramid construction llc,30,0,navigational,LOW,,0.03,,labs_keyword_suggestions
pyramid construction logo,10,,informational,LOW,,0,,labs_keyword_suggestions
pyramid construction materials,10,,commercial,LOW,,0,,labs_keyword_suggestions
pyramid construction methods,20,,,,0,LOW,,google_ads_search_volume
pyramid construction methods,20,26,informational,LOW,,0,,labs_keyword_overview
pyramid construction methods,20,26,informational,LOW,,0,,labs_keyword_suggestions
pyramid construction model,,,,,,,,google_ads_search_volume
pyramid construction newfoundland,10,,navigational,LOW,,0,,labs_keyword_suggestions
pyramid construction nl,10,,navigational,,,,,labs_keyword_suggestions
pyramid construction photos,10,,informational,LOW,,0,,labs_keyword_suggestions
pyramid construction services,40,0,commercial,LOW,,0,,labs_keyword_suggestions
pyramid construction st john's,10,,informational,LOW,,0,,labs_keyword_suggestions
pyramid construction techniques,50,19,informational,LOW,,0,,labs_keyword_suggestions
pyramid construction theories,880,26,informational,LOW,,0.01,,labs_keyword_suggestions
pyramid construction theory,720,,,,1,LOW,0.02,google_ads_search_volume
pyramid construction theory,880,14,informational,LOW,,0.01,,labs_keyword_overview
pyramid construction theory,880,14,informational,LOW,,0.01,,labs_keyword_suggestions
pyramid construction time,10,,informational,LOW,,0,,labs_keyword_suggestions
pyramid construction timeline,10,16,informational,LOW,,0,,labs_keyword_suggestions
pyramid construction wormleysburg pa,10,,navigational,LOW,,0,,labs_keyword_suggestions
pyramid date of construction,90,34,informational,LOW,,0,,labs_keyword_suggestions
pyramid design and construction,50,0,informational,LOW,,0.03,,labs_keyword_suggestions
pyramid egypt construction,1900,34,informational,LOW,,0.01,,labs_keyword_suggestions
pyramid elite construction update,10,,informational,,,,,labs_keyword_suggestions
pyramid engineering and construction,10,,informational,LOW,,0,,labs_keyword_suggestions
pyramid excavation & construction,30,0,informational,LOW,,0.01,,labs_keyword_suggestions
pyramid excavation & construction inc,30,0,navigational,LOW,,0.01,,labs_keyword_suggestions
pyramid excavation and construction,10,,informational,LOW,,0,,labs_keyword_suggestions
pyramid fidget 3d print,30,0,informational,HIGH,,0.91,0.21,labs_keyword_suggestions
pyramid fidget 3d print file,10,,informational,MEDIUM,,0.36,0.24,labs_keyword_suggestions
pyramid fidget toy 3d print,30,0,transactional,HIGH,,0.86,,labs_keyword_suggestions
pyramid general construction,40,0,informational,LOW,,0.01,,labs_keyword_suggestions
pyramid giza construction,320,31,informational,LOW,,0.01,,labs_keyword_suggestions
pyramid head 3d print,70,0,transactional,HIGH,,0.82,0.04,labs_keyword_suggestions
pyramid head 3d print helmet,10,,transactional,MEDIUM,,0.5,0.03,labs_keyword_suggestions
pyramid head helmet 3d print,20,,transactional,LOW,,0.2,0.12,labs_keyword_suggestions
pyramid head sword 3d print,10,,transactional,LOW,,0,,labs_keyword_suggestions
pyramid house construction,10,,informational,,,,,labs_keyword_suggestions
pyramid inset ramp,10,,transactional,,,,,labs_keyword_suggestions
pyramid internal chambers model,,,,,,,,google_ads_search_volume
pyramid internal ramp,30,26,transactional,LOW,,0,,labs_keyword_suggestions
pyramid internal ramp 2017,,,informational,,,,,labs_keyword_suggestions
pyramid internal ramp 2018,0,,informational,,,,,labs_keyword_suggestions
pyramid internal ramp theory,30,,,,0,LOW,,google_ads_search_volume
pyramid internal ramp theory,30,20,informational,LOW,,0,,labs_keyword_overview
pyramid internal ramp theory,30,20,informational,LOW,,0,,labs_keyword_suggestions
pyramid l notch ramp,0,,transactional,,,,,labs_keyword_suggestions
pyramid lake boat ramp,110,43,navigational,LOW,,0,,labs_keyword_suggestions
pyramid lake nv boat ramp,,,navigational,,,,,labs_keyword_suggestions
pyramid midtown construction update,10,,informational,,,,,labs_keyword_suggestions
pyramid of egypt construction,10,58,informational,LOW,,0,,labs_keyword_suggestions
pyramid of giza 3d print,10,,transactional,MEDIUM,,0.64,,labs_keyword_suggestions
pyramid of giza construction,170,32,informational,LOW,,0.01,,labs_keyword_suggestions
pyramid of giza construction date,140,32,informational,LOW,,0.01,2.89,labs_keyword_suggestions
pyramid passthrough 3d print,10,,commercial,LOW,,0,,labs_keyword_suggestions
pyramid ramp,140,6,transactional,LOW,,0,,labs_keyword_suggestions
pyramid ramp discovery,,,informational,,,,,labs_keyword_suggestions
pyramid ramp fortnite,,,informational,,,,,labs_keyword_suggestions
pyramid ramp model,,,,,,,,google_ads_search_volume
pyramid ramp skating,,0,informational,,,,,labs_keyword_suggestions
pyramid ramp theories,,7,informational,,,,,labs_keyword_suggestions
pyramid ramp theory,70,,,,0,LOW,,google_ads_search_volume
pyramid ramp theory,70,8,informational,LOW,,0,,labs_keyword_overview
pyramid ramp theory,70,8,informational,LOW,,0,,labs_keyword_suggestions
pyramid road construction,10,,informational,,,,,labs_keyword_suggestions
pyramid roof construction,20,,commercial,LOW,,0.02,,labs_keyword_suggestions
pyramid sculpture 3d print,,,transactional,,,,,labs_keyword_suggestions
pyramid skate ramp,50,0,transactional,MEDIUM,,0.66,1.6,labs_keyword_suggestions
pyramid skate ramp plans,10,,informational,LOW,,0,,labs_keyword_suggestions
pyramid skateboard ramp,20,0,transactional,HIGH,,0.88,1.56,labs_keyword_suggestions
pyramid skating ramp,,0,transactional,,,,,labs_keyword_suggestions
pyramid spiral ramp theory,10,,informational,LOW,,0,,labs_keyword_suggestions
pyramid steel construction,10,,commercial,,,,,labs_keyword_suggestions
pyramid stl,70,,,,1,LOW,,google_ads_search_volume
pyramid stl,70,0,transactional,LOW,,0.01,,labs_keyword_overview
pyramid stl file,10,,,,0,LOW,,google_ads_search_volume
pyramid stl file,10,,transactional,LOW,,0,,labs_keyword_overview
pyramid switchback ramp,,,,,,,,google_ads_search_volume
pyramid switchback ramp theory,,,,,,,,google_ads_search_volume
pyramid theories construction,2400,21,informational,LOW,,0.06,0.13,labs_keyword_suggestions
qhira aram build,40,0,informational,LOW,,0,,labs_keyword_ideas
ramp contraption pyramid,,,transactional,,,,,labs_keyword_suggestions
ramp pyramid,110,18,transactional,LOW,,0,,labs_keyword_suggestions
ramp pyramid push,,,transactional,,,,,labs_keyword_suggestions
ramp theory of the great pyramid,0,,informational,,,,,labs_keyword_suggestions
ramp theory pyramid,70,7,informational,LOW,,0,,labs_keyword_suggestions
raposa 3d,10,,informational,,,,,labs_keyword_ideas
rauw alejandro 3d,10,,informational,,,,,labs_keyword_ideas
refako 3d massager,10,,transactional,,,,,labs_keyword_ideas
revolving ramp theory pyramid,,,informational,,,,,labs_keyword_suggestions
reyna 3d,10,,transactional,LOW,,0,,labs_keyword_ideas
ridea 3d,10,,informational,LOW,,0,,labs_keyword_ideas
rok kusunoki build,10,,transactional,LOW,,0,,labs_keyword_ideas
rok richard build,10,27,transactional,LOW,,0,,labs_keyword_ideas
salomon xa pro 3d pink,30,0,transactional,HIGH,,1,0.49,labs_keyword_ideas
sciel build,1900,0,informational,LOW,,0,,labs_keyword_ideas
serifos reddit,10,,informational,LOW,,0,,labs_keyword_ideas
serqet build arena,10,50,navigational,,,,,labs_keyword_ideas
sethos build kqm,10,,navigational,,,,,labs_keyword_ideas
sidhe 3d opiniones,10,,informational,,,,,labs_keyword_ideas
sierpinski pyramid 3d print,20,0,transactional,LOW,,0,,labs_keyword_suggestions
single ramp pyramid,,,transactional,,,,,labs_keyword_suggestions
siro 3d,10,,transactional,,,,,labs_keyword_ideas
sirona 3d summit,10,,informational,,,,,labs_keyword_ideas
skateboard pyramid ramp,20,0,transactional,HIGH,,0.8,0.23,labs_keyword_suggestions
skateboard pyramid ramp plans,10,,informational,,,,,labs_keyword_suggestions
sobek build arena,10,,navigational,LOW,,0,,labs_keyword_ideas
somari 3d blast 5,10,52,transactional,LOW,,0,,labs_keyword_ideas
sp singla construction wikipedia,10,,navigational,,,,,labs_keyword_ideas
spiral pyramid 3d print,20,,transactional,MEDIUM,,0.63,0.18,labs_keyword_suggestions
spiral ramp pyramid,10,,transactional,LOW,,0,,labs_keyword_suggestions
sto shangri-la build,10,,transactional,LOW,,0,,labs_keyword_ideas
sto tetryon build,20,0,transactional,LOW,,0,,labs_keyword_ideas
sto verne build,10,,transactional,LOW,,0,,labs_keyword_ideas
sura pappa 3d,10,,informational,,,,,labs_keyword_ideas
tartaglia build kqm,10,,transactional,LOW,,0,,labs_keyword_ideas
tassadar aram build,40,0,informational,LOW,,0,,labs_keyword_ideas
tediore moze build,10,45,informational,,,,,labs_keyword_ideas
temtor lofts stl,10,,transactional,,,,,labs_keyword_ideas
termi build gladstone,10,,transactional,,,,,labs_keyword_ideas
thanatar siege automata stl,10,,transactional,LOW,,0,,labs_keyword_ideas
the construction material pyramid,10,,informational,LOW,,0,,labs_keyword_suggestions
the great pyramid construction,50,49,informational,LOW,,0.01,,labs_keyword_suggestions
the great pyramid construction,50,49,informational,LOW,,0.01,,labs_keyword_suggestions
the great pyramid of giza construction,50,49,informational,LOW,,0,,labs_keyword_suggestions
the great pyramid of giza construction,50,49,informational,LOW,,0,,labs_keyword_suggestions
the ramp theory pyramid,10,7,informational,,,,,labs_keyword_suggestions
thebausffs ad sion build,10,23,navigational,LOW,,0,,labs_keyword_ideas
theories about the pyramid construction,10,21,informational,,,,,labs_keyword_suggestions
theories of pyramid construction,720,10,informational,LOW,,0.01,0.02,labs_keyword_suggestions
theories pyramid construction,720,21,informational,LOW,,0.01,0.02,labs_keyword_suggestions
theory of pyramid construction,880,26,informational,LOW,,0.01,,labs_keyword_suggestions
top down pyramid construction,,,,,,,,google_ads_search_volume
top down pyramid construction theory,,,,,,,,google_ads_search_volume
transamerica pyramid construction,20,7,informational,LOW,,0.04,,labs_keyword_suggestions
twatopotamus 3d print,10,,transactional,LOW,,0,,labs_keyword_ideas
tyr build mwz,10,,informational,,,,,labs_keyword_ideas
ubongo 3d bgg,10,,informational,LOW,,0,,labs_keyword_ideas
ubongo 3d master,10,,transactional,,,,,labs_keyword_ideas
ubongo 3d vs 3d family,10,44,informational,,,,,labs_keyword_ideas
ubongo gra 3d,10,,informational,,,,,labs_keyword_ideas
ubongo junior 3d,10,42,informational,LOW,,0,,labs_keyword_ideas
updating the great pyramid internal ramp theory,10,,informational,,,,,labs_keyword_suggestions
upscale model civitai,10,,navigational,LOW,,0,,labs_keyword_ideas
urutau 3d print odysee,10,,transactional,LOW,,0,,labs_keyword_ideas
urutau 3d print stl,10,,transactional,,,,,labs_keyword_ideas
vasto build,10,,informational,LOW,,0,,labs_keyword_ideas
vastu pyramid on wall,10,45,informational,,,,,labs_keyword_ideas
velo 3d ipo,10,,transactional,LOW,,0,,labs_keyword_ideas
ventilatori 3d,10,,transactional,,,,,labs_keyword_ideas
vestia zeta 3d,10,,transactional,,,,,labs_keyword_ideas
vi top build baus,10,8,transactional,,,,,labs_keyword_ideas
viessa build moxsy,10,,transactional,LOW,,0,,labs_keyword_ideas
viro 3d,10,,informational,LOW,,0,,labs_keyword_ideas
volcano construction pyramid,10,,informational,,,,,labs_keyword_suggestions
vorazun build order,10,52,informational,LOW,,0,,labs_keyword_ideas
vortex pyramid 3d print,10,,transactional,HIGH,,1,,labs_keyword_suggestions
wakfu ecaflip build,10,,transactional,LOW,,0,,labs_keyword_ideas
wakfu foggernaut build,10,,transactional,LOW,,0,,labs_keyword_ideas
wanda metropolitano 3d,10,,informational,,,,,labs_keyword_ideas
wuwa galbrena build,390,0,transactional,LOW,,0,,labs_keyword_ideas
wuwa lupa echo build,10,,informational,,,,,labs_keyword_ideas
yo zuri 3d popper,40,0,transactional,HIGH,,0.99,0.57,labs_keyword_ideas
yo-zuri 3d minnow,70,0,transactional,HIGH,,1,0.45,labs_keyword_ideas
yunara build aram caos,10,,transactional,LOW,,0,,labs_keyword_ideas
za altera sunway pyramid,10,,informational,,,,,labs_keyword_ideas
zeri op build,10,,transactional,,,,,labs_keyword_ideas
ziggurat pyramid dubai construction progress,10,,informational,LOW,,0,,labs_keyword_suggestions
zoltar 3d,10,,transactional,,,,,labs_keyword_ideas
zomorrodah building b block,10,,navigational,,,,,labs_keyword_ideas
